slug,name,category,summary,description,cover_image_url,qr_image_url,join_url,sort_order
pramuka-racana,UKK Pramuka,UKK,"Racana Sulthan Thaha dan Sri Soedewi — pendidikan kepanduan, kepemimpinan, dan pengabdian masyarakat.","Gerakan Pramuka di UIN STS Jambi terhimpun dalam Pangkalan Gugusdepan Muaro Jambi 02.581 (Putra) dan 02.582 (Putri) dengan nama Racana Sulthan Thaha dan Sri Soedewi. Organisasi ini menjalankan pendidikan kepanduan perguruan tinggi yang menekankan pada pengembangan kepemimpinan, manajemen organisasi kepramukaan, serta pengabdian masyarakat. Sistem tata kelola internal Racana dilaksanakan secara mandiri melalui instrumen Musyawarah Ambalan dan Musyawarah Racana guna menetapkan kepengurusan Dewan Racana serta Garis-Garis Besar Haluan Kerja. Program kerja paling strategis dari unit ini adalah Lomba Susur Halang Rintang Pramuka (LSHRP), sebuah ajang kompetisi ketangkasan dan mental bertingkat regional yang melibatkan puluhan pangkalan Pramuka Penegak se-Sumatera Bagian Selatan. Di samping kompetisi regional, Racana UIN STS Jambi secara aktif terlibat dalam program pengabdian masyarakat global seperti Messengers of Peace dan kegiatan kepramukaan nasional.",https://images.unsplash.com/photo-1478131143081-80f7f84ca84d?auto=format&fit=crop&w=1400&q=80,https://api.qrserver.com/v1/create-qr-code/?size=360x360&color=4a3a28&bgcolor=f3ead6&data=https%3A%2F%2Ftemukm.local%2Fgabung%2Fpramuka-racana,https://temukm.local/gabung/pramuka-racana,1
ksr-pmi,UKK KSR PMI,UKK,"Korps Sukarela Palang Merah Indonesia — pelayanan kemanusiaan, P3K, dan tanggap darurat.","UKK Korps Sukarela Palang Merah Indonesia Perguruan Tinggi (UKK KSR PMI PT) UIN STS Jambi berfungsi sebagai pilar utama pelayanan kemanusiaan, manajemen pertolongan pertama, dan tanggap darurat bencana di lingkungan kampus maupun masyarakat luas. Anggota KSR PMI dibentuk melalui Pendidikan dan Pelatihan Dasar (Diklatsar) intensif berbasis kurikulum standar PMI yang mencakup materi medis dasar, pemindahan korban, manajemen dapur umum, serta psikososial. Unit ini mengelola agenda medis pada seluruh upacara formal universitas, memfasilitasi kegiatan donor darah massal secara berkala, dan bertindak sebagai regu penyelamat saat terjadi bencana alam. Di tingkat kewilayahan, UKK KSR PMI UIN STS Jambi memegang posisi kunci dalam Forum Komunikasi (Forkom) KSR PMI Perguruan Tinggi se-Provinsi Jambi dan berkoordinasi langsung dengan Markas PMI Daerah.",https://images.unsplash.com/photo-1584515933487-779824d29309?auto=format&fit=crop&w=1400&q=80,https://api.qrserver.com/v1/create-qr-code/?size=360x360&color=4a3a28&bgcolor=f3ead6&data=https%3A%2F%2Ftemukm.local%2Fgabung%2Fksr-pmi,https://temukm.local/gabung/ksr-pmi,2
menwa-mahwira,UKK Menwa,UKK,"Menwa Batalyon 002 / Mahawira — wawasan kebangsaan, bela negara, dan kedisiplinan.","Resimen Mahasiswa UIN STS Jambi beroperasi dalam struktur Menwa Batalyon 002 / Mahawira yang berada di bawah naungan Komando Resimen Mahasiswa Sultan Thaha Jambi. Menwa difungsikan sebagai wadah pembinaan wawasan kebangsaan, kesadaran bela negara, serta pembentukan kedisiplinan fisik dan mental mahasiswa. Calon anggota Menwa diwajibkan menyelesaikan Pendidikan dan Latihan Dasar (Diklatsar) Yudha yang dilaksanakan bekerja sama dengan Satuan TNI/Polri, menguji kemampuan navigasi darat, taktik lapangan, dan ketahanan fisik. Di dalam kampus, Batalyon 002 bertugas mendukung keandalan protokoler universitas, pengamanan kegiatan akademik berskala besar, serta membina kepemimpinan berintegritas. Para alumni Menwa UIN STS Jambi mencatatkan rekam jejak prestasi hingga tingkat nasional, termasuk penerimaan beasiswa pendidikan dari Kementerian Pertahanan Republik Indonesia.",https://images.unsplash.com/photo-1526256262350-7da7584cf5eb?auto=format&fit=crop&w=1400&q=80,https://api.qrserver.com/v1/create-qr-code/?size=360x360&color=4a3a28&bgcolor=f3ead6&data=https%3A%2F%2Ftemukm.local%2Fgabung%2Fmenwa-mahwira,https://temukm.local/gabung/menwa-mahwira,3
kopma-g2,UKK KOPMA G2,UKK,"Koperasi Mahasiswa Generasi 2 — wirausaha, ritel, dan tata kelola bisnis mahasiswa.","Koperasi Mahasiswa G2 (Generasi 2) UIN STS Jambi merupakan badan usaha milik mahasiswa berbadan hukum koperasi yang mengombinasikan pendidikan kewirausahaan teoritis dengan pengelolaan bisnis praktis. KOPMA G2 bertindak sebagai wahana pembelajaran ekonomi kerakyatan, manajemen keuangan, ritel, serta tata kelola bisnis bagi para anggotanya. Unit ini mengoperasikan berbagai unit usaha, seperti toko kebutuhan mahasiswa, penyediaan atribut kampus, usaha jasa percetakan, serta kemitraan strategis dengan para pelaku UMKM di sekitar wilayah Muaro Jambi. Struktur pengambilan keputusan tertinggi KOPMA G2 berada pada Rapat Anggota Tahunan (RAT) yang berwenang menetapkan Pembagian Sisa Hasil Usaha (SHU), menilai pertanggungjawaban pengurus, serta merumuskan arah ekspansi bisnis koperatif.",https://images.unsplash.com/photo-1441986300917-64674bd600d8?auto=format&fit=crop&w=1400&q=80,https://api.qrserver.com/v1/create-qr-code/?size=360x360&color=4a3a28&bgcolor=f3ead6&data=https%3A%2F%2Ftemukm.local%2Fgabung%2Fkopma-g2,https://temukm.local/gabung/kopma-g2,4
mapala-sutha,UKM MAPALA SUTHA,UKM,"Mahasiswa Pecinta Alam Sutha — alam terbuka, konservasi, dan aksi kemanusiaan.","MAPALA SUTHA merupakan organisasi kemahasiswaan berorientasi pada kegiatan kebebasan alam terbuka, pelestarian lingkungan hidup, serta aksi kemanusiaan. Keterampilan teknis di MAPALA SUTHA terbagi dalam beberapa divisi keahlian spesifik, meliputi Divisi Gunung Hutan (Mountaineering), Panjat Tebing (Rock Climbing), Susur Goa (Caving), Olahraga Arus Deras (Rafting), dan Divisi Lingkungan Hidup. Proses pengkaderan diawali dengan Diklatsar fisik dan mental di alam terbuka untuk membentuk ketahanan fisik serta kepekaan ekologis anggota. Selain ekspedisi petualangan, MAPALA SUTHA aktif melakukan gerakan konservasi seperti reboisasi kawasan kampus, kampanye iklim, serta menerjunkan Tim Satuan Tugas (Satgas) Penanggulangan Bencana guna membantu proses rehabilitasi wilayah terdampak bencana alam di lapangan.",https://images.unsplash.com/photo-1464822759023-fed622ff2c3b?auto=format&fit=crop&w=1400&q=80,https://api.qrserver.com/v1/create-qr-code/?size=360x360&color=4a3a28&bgcolor=f3ead6&data=https%3A%2F%2Ftemukm.local%2Fgabung%2Fmapala-sutha,https://temukm.local/gabung/mapala-sutha,5
geska,UKM GESKA,UKM,"Gerakan Seni Kampus — musik, tari, teater, dan rupa dengan jejak PEKSIMIDA/PEKSIMINAS.","UKM Gerakan Seni Kampus (GESKA) berfungsi sebagai pusat eksplorasi, pembinaan, dan penyaluran bakat mahasiswa di bidang kesenian. Struktur pembinaan seni di GESKA terbagi menjadi empat divisi utama, yaitu Divisi Seni Musik, Divisi Seni Tari, Divisi Seni Teater, dan Divisi Seni Rupa/Kaligrafi. GESKA berperan penting dalam mengintegrasikan nilai-nilai seni budaya Melayu Jambi dengan estetika Islam. Keberadaan GESKA berkontribusi secara signifikan terhadap pencapaian prestasi universitas dalam kompetisi seni nasional, seperti Pekan Seni Mahasiswa Daerah (PEKSIMIDA) dan Pekan Seni Mahasiswa Nasional (PEKSIMINAS), di mana kontingen seni UIN STS Jambi berhasil meraih gelar juara umum tingkat provinsi.",https://images.unsplash.com/photo-1508700115892-45ecd05ae2ad?auto=format&fit=crop&w=1400&q=80,https://api.qrserver.com/v1/create-qr-code/?size=360x360&color=4a3a28&bgcolor=f3ead6&data=https%3A%2F%2Ftemukm.local%2Fgabung%2Fgeska,https://temukm.local/gabung/geska,6
cinema-sutha,UKM CINEMA SUTHA,UKM,"Rumah produksi kampus — sinematografi, film, editing, dan broadcasting sejak 2017/2018.","Didirikan pada kisaran tahun 2017/2018, UKM CINEMA SUTHA berfokus pada pengembangan kreativitas digital mahasiswa dalam ranah sinematografi, pembuatan film, editing video, dan penyiaran (broadcasting). Berada di bawah pembinaan Unit Pengembangan Kewirausahaan dan Karir (UPKK) serta bekerjasama dengan Pusat Pengembangan Bisnis UIN STS Jambi, CINEMA SUTHA memosisikan diri sebagai rumah produksi (production house) kreatif kampus. CINEMA SUTHA memproduksi berbagai jenis karya sinematik, mulai dari film pendek fiksi, dokumenter, hingga video profil kelembagaan universitas—seperti karya film ""KUJU"", ""AKSARA"", dan ""Arutala Film"". Karya-karya visual UKM ini tidak hanya ditayangkan secara komersial dan edukatif, melainkan juga sukses memenangkan kompetisi internasional, seperti perolehan medali emas dalam SeIBa International Festival.",https://images.unsplash.com/photo-1485846234645-a62644f55377?auto=format&fit=crop&w=1400&q=80,https://api.qrserver.com/v1/create-qr-code/?size=360x360&color=4a3a28&bgcolor=f3ead6&data=https%3A%2F%2Ftemukm.local%2Fgabung%2Fcinema-sutha,https://temukm.local/gabung/cinema-sutha,7
pikma,UKM PIKMA,UKM,"Penalaran ilmiah dan kreativitas — riset, PKM, literasi, dan coaching clinic akademik.","UKM PIKMA (Penalaran Ilmiah dan Kreativitas Mahasiswa / Pusat Informasi dan Kajian Mahasiswa) berfokus pada penguatan iklim akademik, budaya meneliti, dan literasi karya tulis ilmiah di kalangan mahasiswa UIN STS Jambi. Kegiatan operasional PIKMA meliputi penyelenggaraan pelatihan metode penelitian ilmiah, pendampingan penyusunan proposal Program Kreativitas Mahasiswa (PKM), diskusi kritis literatur, serta bedah buku. Selain itu, PIKMA secara rutin menggelar coaching clinic akademik, seperti strategi menembus beasiswa tingkat internasional dan pelatihan tata tulis karya ilmiah, guna mempersiapkan mahasiswa bersaing dalam iklim akademik global.",https://images.unsplash.com/photo-1481627834876-b7833e8f5570?auto=format&fit=crop&w=1400&q=80,https://api.qrserver.com/v1/create-qr-code/?size=360x360&color=4a3a28&bgcolor=f3ead6&data=https%3A%2F%2Ftemukm.local%2Fgabung%2Fpikma,https://temukm.local/gabung/pikma,8
ibm,UKM IBM,UKM,"Ikatan Beladiri Mahasiswa — pencak silat, pembinaan karakter, dan prestasi nasional.","UKM Ikatan Beladiri Mahasiswa (IBM) UIN STS Jambi berdiri sekitar tahun 2021 sebagai wadah pembinaan pencak silat dan bela diri mahasiswa. Unit ini menempa fisik, mental, dan karakter melalui latihan rutin seni bela diri tradisional Indonesia, dengan penekanan pada sportivitas serta pelestarian budaya. UKM IBM telah menoreh prestasi di kancah nasional, termasuk juara umum kategori dewasa/mahasiswa pada Pencak Silat Championship Jambi 2024 dengan perolehan 15 medali, serta penghargaan pada Kejuaraan Bandung Lautan Api tingkat nasional. Prestasi tersebut menjadi bukti kerja keras kader dan pembina dalam mengembangkan bakat bela diri di lingkungan UIN STS Jambi.",https://images.unsplash.com/photo-1555597673-b21d5c935865?auto=format&fit=crop&w=1400&q=80,https://api.qrserver.com/v1/create-qr-code/?size=360x360&color=4a3a28&bgcolor=f3ead6&data=https%3A%2F%2Ftemukm.local%2Fgabung%2Fibm,https://temukm.local/gabung/ibm,9
